{
  "gainConstants": {
    "maxAcceptedDistanceMeters": 10.0,
    "linearStdDevFactor": 0.02,
    "angularStdDevFactor": 0.06,
    "maxZCutoff": 0.75,
    "maxSingleTagAmbiguity": 0.3,
    "maxAmbiguity": 0.3
  },
  "camera1Index": 0,
  "camera1Name": "FrontRight",
  "camera1Transform": {
    "rotation": {
      "roll": -1.6923377980788397E-15,
      "pitch": 19.999999999999996,
      "yaw": -89.99999999999999
    },
    "translation": {
      "x": 0.26015,
      "y": -0.25995,
      "z": 0.2091
    }
  },
  "camera2Index": 1,
  "camera2Name": "BackRight",
  "camera2Transform": {
    "rotation": {
      "roll": 0.0,
      "pitch": 19.999999999999996,
      "yaw": 180.0
    },
    "translation": {
      "x": -0.26095,
      "y": -0.25195,
      "z": 0.2091
    }
  },
  "camera3Index": 2,
  "camera3Name": "BackLeft",
  "camera3Transform": {
    "rotation": {
      "roll": 1.6923377980788397E-15,
      "pitch": 19.999999999999996,
      "yaw": 89.99999999999999
    },
    "translation": {
      "x": -0.26015,
      "y": 0.25995,
      "z": 0.2091
    }
  }
}